,R1,R2,heri,R3t,R3p,Rai0,Rbi0,R3i0,E,i0,ip1,it1,it2,ip2,it3,it4
0,4.6,1.0,53.0,0.0,0.0,1.8,-0.2,10.4,-4.099186484294478,-0.870328759541735,-0.150166908162646,-1.1610516323707998,-1.2228720351704396,-0.2818561566527933,-0.2148117331089452,-0.1980992592871189
1,4.6,1.0,53.0,0.0,0.0,1.8,-0.2,10.6,-4.412448889343068,-1.4591075874632224,-0.129437742754817,-1.0342613544198684,-1.1568812010227703,-0.2539909475017339,-0.1969615838606842,-0.18180847231997177
2,4.6,1.0,53.0,0.0,0.0,1.8,-0.2,10.8,-4.1884340945398435,-1.5736156122293323,-0.1112813682993874,-0.8930057159159333,-1.0354341707425192,-0.22835088893771172,-0.1801681611686945,-0.1665781772462651
3,4.6,1.0,53.0,0.0,0.0,1.8,-0.2,11.0,-3.7202244104701094,-1.4589293745812029,-0.09558106807526201,-0.7534098413889296,-0.890512618701905,-0.20490460540167987,-0.16452872939407825,-0.15235817292705178
4,4.6,1.0,53.0,0.0,0.0,1.8,-0.2,11.2,-3.184770127409138,-1.258077228674665,-0.08211721351835877,-0.6262788253952749,-0.7456795457401313,-0.18348768900614232,-0.15002195321721956,-0.13910767185734585
5,4.6,1.0,53.0,0.0,0.0,1.8,-0.4,10.4,-3.8187164978589863,-0.6280408735619858,-0.12972514226567,-1.099558790156152,-1.2350576519966125,-0.3140009838389233,-0.22276730509474874,-0.1895657509448938
6,4.6,1.0,53.0,0.0,0.0,1.8,-0.4,10.6,-4.305455924069975,-1.3659976535709575,-0.11256023379974067,-0.9578162036486901,-1.2087191746104509,-0.28201930911745876,-0.20423128717811778,-0.17411206214455888
7,4.6,1.0,53.0,0.0,0.0,1.8,-0.4,10.8,-4.159051566151902,-1.545222039683722,-0.0975790600059554,-0.816143271047622,-1.1010635589482263,-0.2526982770068571,-0.18673317087814212,-0.15961218858137727
8,4.6,1.0,53.0,0.0,0.0,1.8,-0.4,11.0,-3.713183748361189,-1.4454002587590367,-0.08453438221476972,-0.6844653176958673,-0.9564513695077039,-0.22587473457679152,-0.17037775018252432,-0.1460799354244955
9,4.6,1.0,53.0,0.0,0.0,1.8,-0.4,11.2,-3.1820574016310275,-1.2456349603598937,-0.07297690294217318,-0.5682856062194332,-0.8049880257458426,-0.2014997360529378,-0.1552183636231348,-0.1334538066876121
10,4.6,1.0,53.0,0.0,0.0,1.8,0.0,10.4,-4.269904345390387,-1.0265900447266176,-0.17487699689809233,-1.2009901339770295,-1.2009901339770295,-0.25335339759476483,-0.20655181910842657,-0.20655181910842657
11,4.6,1.0,53.0,0.0,0.0,1.8,0.0,10.6,-4.463127224589698,-1.505253417766653,-0.1494088760809973,-1.100220813183114,-1.100220813183114,-0.22912021621596068,-0.1894515440799296,-0.1894515440799296
12,4.6,1.0,53.0,0.0,0.0,1.8,0.0,10.8,-4.196363938041031,-1.582246384699829,-0.12779241148382425,-0.9663898728904314,-0.9663898728904314,-0.20668798871338367,-0.17342870368156582,-0.17342870368156582
13,4.6,1.0,53.0,0.0,0.0,1.8,0.0,11.0,-3.7196433360222727,-1.4624999064253643,-0.10903362755198032,-0.8225225376081653,-0.8225225376081653,-0.18604290985967964,-0.15851090848445892,-0.15851090848445892
14,4.6,1.0,53.0,0.0,0.0,1.8,0.0,11.2,-3.182954113231972,-1.2622451500501484,-0.09282378922216594,-0.6857310052146204,-0.6857310052146204,-0.1671423085499555,-0.14464042749023065,-0.14464042749023065
15,4.6,1.0,53.0,0.0,0.0,1.8,0.2,10.4,-4.396016284648795,-1.1653450560988858,-0.2056287518935278,-1.2228720351704396,-1.1610516323707998,-0.22820781671907753,-0.1980992592871189,-0.2148117331089452
16,4.6,1.0,53.0,0.0,0.0,1.8,0.2,10.6,-4.501910479972139,-1.5508620995096862,-0.1742407017154619,-1.1568812010227703,-1.0342613544198684,-0.2068950671236962,-0.18180847231997177,-0.1969615838606842
17,4.6,1.0,53.0,0.0,0.0,1.8,0.2,10.8,-4.20270743733272,-1.5929015044821426,-0.14745104499161243,-1.0354341707425192,-0.8930057159159333,-0.18716866278555244,-0.1665781772462651,-0.1801681611686945
18,4.6,1.0,53.0,0.0,0.0,1.8,0.2,11.0,-3.7171684366767295,-1.4627333401003852,-0.12465486151631922,-0.890512618701905,-0.7534098413889296,-0.16897087264806032,-0.15235817292705178,-0.16452872939407825
19,4.6,1.0,53.0,0.0,0.0,1.8,0.2,11.2,-3.178264103946276,-1.259377429378219,-0.10549321619328111,-0.7456795457401313,-0.6262788253952749,-0.15230546216480434,-0.13910767185734585,-0.15002195321721956
20,4.6,1.0,53.0,0.0,0.0,1.8,0.4,10.4,-4.52440545859281,-1.3289933888008818,-0.24281624949071556,-1.2350576519966125,-1.099558790156152,-0.20564632210880518,-0.1895657509448938,-0.22276730509474874
21,4.6,1.0,53.0,0.0,0.0,1.8,0.4,10.6,-4.549611280148383,-1.613712246180512,-0.20403613161761314,-1.2087191746104509,-0.9578162036486901,-0.18698417476844043,-0.17411206214455888,-0.20423128717811778
22,4.6,1.0,53.0,0.0,0.0,1.8,0.4,10.8,-4.214317626669072,-1.6096961821895093,-0.17141816159710288,-1.1010635589482263,-0.816143271047622,-0.16965109342709184,-0.15961218858137727,-0.18673317087814212
23,4.6,1.0,53.0,0.0,0.0,1.8,0.4,11.0,-3.7144161780015565,-1.459492878522724,-0.14386545261368155,-0.9564513695077039,-0.6844653176958673,-0.15368347405456007,-0.1460799354244955,-0.17037775018252432
24,4.6,1.0,53.0,0.0,0.0,1.8,0.4,11.2,-3.170354340225458,-1.2490737152984366,-0.12034261273220181,-0.8049880257458426,-0.5682856062194332,-0.13899220991879702,-0.1334538066876121,-0.1552183636231348
25,4.6,1.0,53.0,0.0,0.0,2.0,-0.2,10.4,-4.422477126994636,-1.5831851396942511,-0.13725024228915572,-1.0715423511574045,-0.9904680590843782,-0.26906624785624444,-0.19245731708360836,-0.1785077698295936
26,4.6,1.0,53.0,0.0,0.0,2.0,-0.2,10.6,-4.519434951886069,-1.7480546069564298,-0.11831701057963073,-1.0098706682911143,-1.0580816341680475,-0.24359436193481088,-0.17710151989012957,-0.16441515006590635
27,4.6,1.0,53.0,0.0,0.0,2.0,-0.2,10.8,-4.199579926789738,-1.6455244929529727,-0.10171560582239181,-0.9052672613761388,-1.0131889411713928,-0.21999747585505247,-0.16269200766691938,-0.15119414194487035
28,4.6,1.0,53.0,0.0,0.0,2.0,-0.2,11.0,-3.7002237843116745,-1.4391414740821347,-0.08745857863686979,-0.7796849400619976,-0.9078105594380759,-0.19813251751475036,-0.14921372040407732,-0.1387819941737689
29,4.6,1.0,53.0,0.0,0.0,2.0,-0.2,11.2,-3.1579384271171875,-1.21303958108183,-0.07519954326562583,-0.6525696118478663,-0.7752384040504694,-0.17811996839009225,-0.13659449433907866,-0.1271768241422251
30,4.6,1.0,53.0,0.0,0.0,2.0,-0.4,10.4,-4.1699275695718825,-1.3918698908528313,-0.1185366390272975,-1.0649258857010864,-0.9255885452148505,-0.29855670779943466,-0.19915473117725924,-0.17129516979912296
31,4.6,1.0,53.0,0.0,0.0,2.0,-0.4,10.6,-4.424488296266645,-1.675308627774939,-0.10288528457749635,-0.9625432365573943,-1.073368405282963,-0.2693461172748357,-0.18319024937227368,-0.15784637542674318
32,4.6,1.0,53.0,0.0,0.0,2.0,-0.4,10.8,-4.166340722236782,-1.618816412286833,-0.08921560680028051,-0.8397269795532338,-1.0627609760849737,-0.2424347234191373,-0.16816828737501055,-0.14521773671731353
33,4.6,1.0,53.0,0.0,0.0,2.0,-0.4,11.0,-3.6885364105110057,-1.4252847983734682,-0.07727032632101327,-0.711831028747838,-0.9688798325951211,-0.21775099018123,-0.1541503414628096,-0.13336909282952547
34,4.6,1.0,53.0,0.0,0.0,2.0,-0.4,11.2,-3.155410189880058,-1.2025589090771973,-0.06665034708566964,-0.592029329680372,-0.8356839324696921,-0.1951380397658795,-0.1410447951639071,-0.12230483663734049
35,4.6,1.0,53.0,0.0,0.0,2.0,0.0,10.4,-4.548510627821088,-1.6860804645111784,-0.15978914638981223,-1.0442676289239898,-1.0442676289239898,-0.24301203258801252,-0.18554654950276017,-0.18554717698134482
36,4.6,1.0,53.0,0.0,0.0,2.0,0.0,10.6,-4.553857640479691,-1.775026241899468,-0.13673066382762045,-1.039939692534972,-1.039939692534972,-0.2205321145011112,-0.17084461759077385,-0.17084461759077385
37,4.6,1.0,53.0,0.0,0.0,2.0,0.0,10.8,-4.2059585662791505,-1.6506587798940018,-0.11701053462456912,-0.962309175345581,-0.962309175345581,-0.19961093121673912,-0.15702998492633924,-0.15702998492633924
38,4.6,1.0,53.0,0.0,0.0,2.0,0.0,11.0,-3.7000010180054232,-1.4415159719064832,-0.09980170044582337,-0.8450871697859839,-0.8450871697859839,-0.1803375887684524,-0.1440857086563483,-0.1440857086563483
39,4.6,1.0,53.0,0.0,0.0,2.0,0.0,11.2,-3.1538614948512986,-1.2143560969270766,-0.08499497442971915,-0.7139821330201812,-0.7139821330201812,-0.16263553162571043,-0.13195531291421503,-0.13195531291421503
40,4.6,1.0,53.0,0.0,0.0,2.0,0.2,10.4,-4.59640470118029,-1.7559373875847086,-0.18803337146528065,-0.9904680590843782,-1.0715423511574045,-0.21945781749673188,-0.17850839730817825,-0.19245731708360836
41,4.6,1.0,53.0,0.0,0.0,2.0,0.2,10.6,-4.557259999739472,-1.7888101265998557,-0.15932227892335504,-1.0580816341680475,-1.0098706682911143,-0.19965862180106342,-0.16441515006590635,-0.17710151989012957
42,4.6,1.0,53.0,0.0,0.0,2.0,0.2,10.8,-4.196137407212518,-1.6475714306579903,-0.13495983078610152,-1.0131889411713928,-0.9052672613761388,-0.18126379360910505,-0.15119414194487035,-0.16269200766691938
43,4.6,1.0,53.0,0.0,0.0,2.0,0.2,11.0,-3.688889698823914,-1.4348179302178323,-0.114282121299766,-0.9078105594380759,-0.7796849400619976,-0.16429843322839588,-0.1387819941737689,-0.14921372040407732
44,4.6,1.0,53.0,0.0,0.0,2.0,0.2,11.2,-3.1441532874596305,-1.207124671782367,-0.09677459218073636,-0.7752384040504694,-0.6525696118478663,-0.14867468911688775,-0.1271768241422251,-0.13659449433907866
45,4.6,1.0,53.0,0.0,0.0,2.0,0.4,10.4,-4.604316346929409,-1.8228989797644317,-0.22201680298894644,-0.9255885452148505,-1.0649258857010864,-0.19843623228371143,-0.17129516979912296,-0.19915473117725924
46,4.6,1.0,53.0,0.0,0.0,2.0,0.4,10.6,-4.545646672137082,-1.8008219229523093,-0.18681474716868252,-1.073368405282963,-0.9625432365573943,-0.18106173537671566,-0.15784637542674318,-0.18319024937227368
47,4.6,1.0,53.0,0.0,0.0,2.0,0.4,10.8,-4.17634072189685,-1.6384612404508516,-0.1571172089315951,-1.0627609760849737,-0.8397269795532338,-0.1648882927838713,-0.14521773671731353,-0.16816828737501055
48,4.6,1.0,53.0,0.0,0.0,2.0,0.4,11.0,-3.6695278776460327,-1.419516726396978,-0.13192142732441425,-0.9688798325951211,-0.711831028747838,-0.1498594282893464,-0.13336909282952547,-0.1541503414628096
49,4.6,1.0,53.0,0.0,0.0,2.0,0.4,11.2,-3.1289280127966776,-1.1914959077257663,-0.1104179146932438,-0.8356839324696921,-0.592029329680372,-0.13595129642635584,-0.12230483663734049,-0.1410447951639071
50,4.6,1.0,53.0,0.0,0.0,2.2,-0.2,10.4,-4.05250664340565,-1.9011344166938215,-0.12519326503388584,-0.8719734632177278,-0.5644897982710972,-0.2562035477021709,-0.17261921585304663,-0.1608929366338998
51,4.6,1.0,53.0,0.0,0.0,2.2,-0.2,10.6,-4.222658489772584,-1.8131662996020168,-0.10800200107041746,-0.9131676122779027,-0.8472991425660439,-0.23283131036441773,-0.1594640962430276,-0.14872802764875814
52,4.6,1.0,53.0,0.0,0.0,2.2,-0.2,10.8,-3.988996356201824,-1.607962999609299,-0.09291917074006051,-0.8715963297290727,-0.9212555885897018,-0.21095631178468466,-0.1470550859812647,-0.13725086976774037
53,4.6,1.0,53.0,0.0,0.0,2.2,-0.2,11.0,-3.5739875975996256,-1.3749446910806,-0.08005145087372512,-0.7826160392723978,-0.8838290096027777,-0.19074923475272954,-0.13535327947465703,-0.12644389254273847
54,4.6,1.0,53.0,0.0,0.0,2.2,-0.2,11.2,-3.0869996765977703,-1.1498832096112892,-0.06884663214441389,-0.6691559560713358,-0.7862675198120996,-0.1721761937951669,-0.12436495185829699,-0.11630521330516785
55,4.6,1.0,53.0,0.0,0.0,2.2,-0.4,10.4,-3.826512054016348,-1.775924836168997,-0.10818774404469877,-0.9488798337988555,-0.3776512058102526,-0.2829066083068028,-0.17815510899526998,-0.1548067168914713
56,4.6,1.0,53.0,0.0,0.0,2.2,-0.4,10.6,-4.141316250723321,-1.7666514932643622,-0.09393824683502316,-0.9125852828728966,-0.8040354655240662,-0.25642443157266825,-0.16452935681445524,-0.14315197383984923
57,4.6,1.0,53.0,0.0,0.0,2.2,-0.4,10.8,-3.9640678938594647,-1.5900162134785205,-0.08149095869157463,-0.8315718594822101,-0.945246550894808,-0.23189381044358015,-0.151685482240282,-0.13216301862848923
58,4.6,1.0,53.0,0.0,0.0,2.2,-0.4,11.0,-3.5644507008837536,-1.3652408765628934,-0.07055973447859287,-0.7243448332883418,-0.933813318843022,-0.2091039022197947,-0.13957328430842608,-0.12181475118268281
59,4.6,1.0,53.0,0.0,0.0,2.2,-0.4,11.2,-3.086215289251413,-1.1436168946092948,-0.06084713467862457,-0.6091829428332858,-0.8441433947300538,-0.1881450682412833,-0.1281852328684181,-0.11209462129045278
60,4.6,1.0,53.0,0.0,0.0,2.2,0.0,10.4,-4.143729654373601,-1.9538301961729303,-0.14589858520776033,-0.7391283411416225,-0.7391283411416225,-0.23203060764353722,-0.1668567915330641,-0.1668567915330641
61,4.6,1.0,53.0,0.0,0.0,2.2,0.0,10.6,-4.2462334129959345,-1.8239883370697498,-0.1250414076494053,-0.8887863386771642,-0.8887863386771642,-0.21127132198307663,-0.1541798344696872,-0.1541798344696872
62,4.6,1.0,53.0,0.0,0.0,2.2,0.0,10.8,-3.9906598849920556,-1.608232828672044,-0.10703940084204078,-0.8994791090372019,-0.8994791090372019,-0.19197664444800466,-0.14222639647778124,-0.14222639647778124
63,4.6,1.0,53.0,0.0,0.0,2.2,0.0,11.0,-3.570519349654205,-1.3734148218063638,-0.09133408043999225,-0.8348575017298572,-0.8348575017298572,-0.17412649490870535,-0.1309644745197147,-0.1309644745197147
64,4.6,1.0,53.0,0.0,0.0,2.2,0.0,11.2,-3.080316067673266,-1.1475237718550488,-0.0778840312268585,-0.7282084122416563,-0.7282084122416563,-0.15770330326631665,-0.12039406842086464,-0.12039406842086464
65,4.6,1.0,53.0,0.0,0.0,2.2,0.2,10.4,-4.125433345499914,-1.973687122692354,-0.17155872390139848,-0.5644897982710972,-0.8719734632177278,-0.21021208493039012,-0.1608929366338998,-0.17261921585304663
66,4.6,1.0,53.0,0.0,0.0,2.2,0.2,10.6,-4.223972495936323,-1.8178676046663895,-0.1455107838846743,-0.8472991425660439,-0.9131676122779027,-0.19193522864952683,-0.14872802764875814,-0.1594640962430276
67,4.6,1.0,53.0,0.0,0.0,2.2,0.2,10.8,-3.9724476623232476,-1.596807126654312,-0.12352283345535398,-0.9212555885897018,-0.8715963297290727,-0.17495982814580202,-0.13725086976774037,-0.1470550859812647
68,4.6,1.0,53.0,0.0,0.0,2.2,0.2,11.0,-3.5539825786836445,-1.3617368607083336,-0.10484437074046582,-0.8838290096027777,-0.7826160392723978,-0.15915912634227425,-0.12644389254273847,-0.13535327947465703
69,4.6,1.0,53.0,0.0,0.0,2.2,0.2,11.2,-3.0658375291968696,-1.1364432002883404,-0.0888303155079484,-0.7862675198120996,-0.6691559560713358,-0.14447037235368043,-0.11630521330516785,-0.12436495185829699
70,4.6,1.0,53.0,0.0,0.0,2.2,0.4,10.4,-4.032118215865921,-1.979101278935559,-0.2027171056251973,-0.3776512058102526,-0.9488798337988555,-0.19080696580931544,-0.1548067168914713,-0.17815510899526998
71,4.6,1.0,53.0,0.0,0.0,2.2,0.4,10.6,-4.171110425551888,-1.801199683919549,-0.17094501911196858,-0.8040354655240662,-0.9125852828728966,-0.17466364346910268,-0.14315197383984923,-0.16452935681445524
72,4.6,1.0,53.0,0.0,0.0,2.2,0.4,10.8,-3.939060365257319,-1.5749170678900555,-0.14392694854177535,-0.945246550894808,-0.8315718594822101,-0.15954943757969886,-0.13216301862848923,-0.151685482240282
73,4.6,1.0,53.0,0.0,0.0,2.2,0.4,11.0,-3.526281777652912,-1.3403550849761814,-0.12092619715258479,-0.933813318843022,-0.7243448332883418,-0.14545430790167302,-0.12181475118268281,-0.13957328430842608
74,4.6,1.0,53.0,0.0,0.0,2.2,0.4,11.2,-3.044971567054745,-1.1175262838369235,-0.10145958187058568,-0.8441433947300538,-0.6091829428332858,-0.1323795096250251,-0.11209462129045278,-0.1281852328684181
75,4.6,1.0,53.0,2.0,1.8,-0.2,1.2,10.6,-1.6995480839977972,3.144023393164389,-1.8960904910927638,-1.8004228265490383,-0.3175319826696068,-0.04090612183790654,-0.09093247418059036,-0.6976875808322802
76,4.6,1.0,53.0,2.0,1.8,-0.2,1.2,10.8,-3.8316350459936075,0.596705534029752,-1.7482039544265717,-1.6859574724221602,-0.28332641249289736,-0.03619226673617959,-0.079888298176229,-0.5947721757693216
77,4.6,1.0,53.0,2.0,1.8,-0.2,1.2,11.0,-4.579023929079995,-0.5671811886131763,-1.5890335328876972,-1.5628017323324457,-0.2523933071643114,-0.031995479948818684,-0.07020707381889224,-0.505411614314653
78,4.6,1.0,53.0,2.0,1.8,-0.2,1.2,11.2,-4.568819988693576,-0.9652471771696582,-1.425789316301234,-1.4348323628655635,-0.22449484013486654,-0.02826556039508432,-0.061721883714199066,-0.4284688481129706
79,4.6,1.0,53.0,2.0,1.8,-0.2,1.2,11.4,-4.201965092564933,-0.9921246854355559,-1.2637235636357218,-1.3046221555559896,-0.1992607804131694,-0.02495356264989823,-0.054332325933501124,-0.36294801894109696
80,4.6,1.0,53.0,2.0,1.8,-0.2,1.2,11.6,-3.7005011437577195,-0.8626505472930148,-1.1079605214763433,-1.1754642821033485,-0.1765737840323709,-0.022018070798367262,-0.047882150509394705,-0.30795178754488006
81,4.6,1.0,53.0,2.0,1.8,-0.2,1.2,11.8,-3.194180895050522,-0.7022451858501881,-0.9619778501801193,-1.0502835673396476,-0.1564156526583247,-0.019412649446167052,-0.04221824527485296,-0.26162774430122226
82,4.6,1.0,53.0,2.0,1.8,-0.2,1.4,10.6,-2.5087253667297773,2.471369068720378,-2.001144450157881,-1.837567025970202,-0.29090108582749963,-0.03779367241077125,-0.08503890025895089,-0.7276493008248508
83,4.6,1.0,53.0,2.0,1.8,-0.2,1.4,10.8,-4.34480958635686,0.2652133364463225,-1.889290792751126,-1.7318535538506694,-0.26026228250702843,-0.0335542147513479,-0.07487951323855668,-0.6201825657044537
84,4.6,1.0,53.0,2.0,1.8,-0.2,1.4,11.0,-4.9322053821524605,-0.7193347933935001,-1.7454065146157518,-1.613259811361786,-0.23236758064012975,-0.0297703294781968,-0.06592682818882167,-0.5261395244742744
85,4.6,1.0,53.0,2.0,1.8,-0.2,1.4,11.2,-4.827345323283225,-1.0180709689157084,-1.5857027097372338,-1.486711124656722,-0.20702119654743,-0.02639307058416307,-0.058088600693736225,-0.44535765214823186
86,4.6,1.0,53.0,2.0,1.8,-0.2,1.4,11.4,-4.402266912104096,-0.9911972256377339,-1.4197576902806759,-1.3560503650805913,-0.1841428095358424,-0.02338478760793805,-0.05125815438805148,-0.37647587957326323
87,4.6,1.0,53.0,2.0,1.8,-0.2,1.4,11.6,-3.871783763403073,-0.8447891025571153,-1.254272008081898,-1.224479715921916,-0.16363013512454927,-0.020691514713689685,-0.045247236150316894,-0.3186740508535877
88,4.6,1.0,53.0,2.0,1.8,-0.2,1.4,11.8,-3.3485715728020296,-0.6844201368512586,-1.0948179520200938,-1.0956418726127595,-0.1453212759224698,-0.018300701631233096,-0.03996234689839184,-0.27010728686582297
89,4.6,1.0,53.0,2.0,1.8,-0.2,1.6,10.6,-2.6864751039538532,2.1538527738302946,-1.8510126826586202,-1.8549459154601209,-0.26610816561151296,-0.03492846165318042,-0.0793636996531859,-0.7539689527475275
90,4.6,1.0,53.0,2.0,1.8,-0.2,1.6,10.8,-4.484149436932057,0.11488829588051885,-1.8553977225674316,-1.7612605550093576,-0.23854980897158384,-0.03112324106041342,-0.07001756579848006,-0.6426888394053094
91,4.6,1.0,53.0,2.0,1.8,-0.2,1.6,11.0,-5.042652161966544,-0.7621272102696821,-1.7827772452728823,-1.6499911092687398,-0.2133213969063945,-0.027709586429409683,-0.061784007120877504,-0.5449416066985577
92,4.6,1.0,53.0,2.0,1.8,-0.2,1.6,11.2,-4.923858871683478,-0.9988779481500387,-1.667315405444242,-1.5273706351872534,-0.19045116752386093,-0.024644827703014016,-0.054573917121160775,-0.4606249705539085
93,4.6,1.0,53.0,2.0,1.8,-0.2,1.6,11.4,-4.510989294736646,-0.9567331215366721,-1.527442171354778,-1.3979868583846837,-0.16985126916551962,-0.02190511894878,-0.048253009095788,-0.38881774625042453
94,4.6,1.0,53.0,2.0,1.8,-0.2,1.6,11.6,-3.9988871688838117,-0.8168021566234529,-1.3743021209957078,-1.265885335742496,-0.1513397242524661,-0.0194477898767218,-0.04267067997716367,-0.32843936141580343
95,4.6,1.0,53.0,2.0,1.8,-0.2,1.6,11.8,-3.481493878294714,-0.662625459372066,-1.2166352132335305,-1.1347708861576393,-0.13467054849024862,-0.017250249860808253,-0.03775853186380118,-0.27778298931661993
96,4.6,1.0,53.0,2.0,1.8,-0.2,1.8,10.6,-2.103416657948401,2.013089730637148,-1.138910569716245,-1.8521189829334617,-0.2429191613337025,-0.032312999945133924,-0.07390624535037205,-0.7763384293066338
97,4.6,1.0,53.0,2.0,1.8,-0.2,1.8,10.8,-4.071068389050197,0.08351405092980713,-1.4070581428240985,-1.7732648212695494,-0.21807604026980698,-0.028890560381114483,-0.06533069373108447,-0.6619621815043502
98,4.6,1.0,53.0,2.0,1.8,-0.4,1.2,11.0,-4.290372466202825,-0.5081613630754873,-1.539117622305639,-1.3447407522471622,-0.23316012567374855,-0.029894576291553676,-0.07182855962309986,-0.5634694669861346
99,4.6,1.0,53.0,2.0,1.8,-0.4,1.2,11.2,-4.322107529616915,-0.9386520483531058,-1.381268737022765,-1.2304862415767275,-0.20822789828525856,-0.026335339643992484,-0.06294929317664355,-0.47418797155842185
100,4.6,1.0,53.0,2.0,1.8,-0.4,1.2,11.4,-3.9822845091694035,-0.9764783510472625,-1.2259273814270273,-1.117402036965359,-0.1856758163194172,-0.02318021934479475,-0.05521021242020652,-0.39841049164533615
101,4.6,1.0,53.0,2.0,1.8,-0.4,1.2,11.6,-3.5041331842076033,-0.8504291624994949,-1.0773581136018038,-1.0070700911455788,-0.16545242408756167,-0.020397840067744255,-0.04849899286637083,-0.3349265599390492
102,4.6,1.0,53.0,2.0,1.8,-0.4,1.2,11.8,-3.022409445082303,-0.6926417730282992,-0.9383508436148986,-0.9013446963508613,-0.147259654244408,-0.017929215682670474,-0.042653737124055624,-0.28222952503710985
103,4.6,1.0,53.0,2.0,1.8,-0.4,1.4,11.0,-4.584524681267794,-0.5808583964826539,-1.7113753925077617,-1.3945606537163258,-0.21541100525064394,-0.02780245791655034,-0.06733496062224731,-0.5871818147716112
104,4.6,1.0,53.0,2.0,1.8,-0.4,1.4,11.2,-4.548371947836131,-0.9477936141192913,-1.5508871999336407,-1.2797903296304867,-0.19279491750057787,-0.024583331658504903,-0.05912461964180693,-0.4933979353518225
105,4.6,1.0,53.0,2.0,1.8,-0.4,1.4,11.4,-4.166099130932707,-0.9552584730554372,-1.3866226522950456,-1.1642544434871525,-0.17236256424803287,-0.021720631048083305,-0.05198104592273012,-0.41389932087622583
106,4.6,1.0,53.0,2.0,1.8,-0.4,1.4,11.6,-3.6681147252675146,-0.8264520053053275,-1.2248191988328472,-1.050800635595806,-0.15388553234515712,-0.019174195593222976,-0.04576806939439848,-0.3472150882007554
107,4.6,1.0,53.0,2.0,1.8,-0.4,1.4,11.8,-3.1708958816016093,-0.6728789730696008,-1.0704705640673637,-0.9411702459328808,-0.13723016192670912,-0.016900099348276854,-0.04031500744167715,-0.2919308298151009
108,4.6,1.0,53.0,2.0,1.8,-0.4,1.6,11.0,-4.704321988101583,-0.5546247134916484,-1.8189657470211387,-1.435268482484389,-0.19861381768714637,-0.025874747312627733,-0.06297690357314423,-0.6079975765314884
109,4.6,1.0,53.0,2.0,1.8,-0.4,1.6,11.2,-4.663370058347937,-0.8931299629621208,-1.68162890849635,-1.3213170589879155,-0.1782128401682712,-0.022955570952035487,-0.05542419332778081,-0.5107015234534629
110,4.6,1.0,53.0,2.0,1.8,-0.4,1.6,11.4,-4.29257628164487,-0.9042431651614606,-1.5268184263259172,-1.2048053947510198,-0.15962160122580826,-0.020346384262666106,-0.04885479109361768,-0.4278865188243799
111,4.6,1.0,53.0,2.0,1.8,-0.4,1.6,11.6,-3.808647472062148,-0.7929354412481189,-1.3644966494757682,-1.0889363007736392,-0.1427911554928869,-0.018015812034718692,-0.04309299431042746,-0.3583791187265888
112,4.6,1.0,53.0,2.0,1.8,-0.4,1.6,11.8,-3.3108218259294517,-0.6494326893007383,-1.202494902885519,-0.9765630649053492,-0.12760855111991987,-0.01592996879480779,-0.038026478432584554,-0.3007661704905331
113,4.6,1.0,53.0,2.0,1.8,0.0,1.2,10.6,-2.321830298344139,2.707774676149711,-1.9222902887267992,-2.012836216657888,-0.3473882810212672,-0.04328689491376281,-0.0879699993529357,-0.615833293821197
114,4.6,1.0,53.0,2.0,1.8,0.0,1.2,10.8,-4.276820759987459,0.3676919946447015,-1.7789732797537,-1.9123178996378556,-0.3085265865083784,-0.03839733684435487,-0.07755898096365854,-0.5287386709242128
115,4.6,1.0,53.0,2.0,1.8,0.0,1.2,11.0,-4.904928777366877,-0.6703199872281402,-1.6180219848174602,-1.7884041274664924,-0.2732460919651203,-0.03402861231006682,-0.0683785097207874,-0.4525294638588093
116,4.6,1.0,53.0,2.0,1.8,0.0,1.2,11.2,-4.828070725197904,-1.006431913585402,-1.4516000577714294,-1.651214753743261,-0.24156813212903216,-0.030135540175251663,-0.06033822399331257,-0.3867821038002148
117,4.6,1.0,53.0,2.0,1.8,0.0,1.2,11.4,-4.428004862100352,-1.0107918529538438,-1.2858282307861373,-1.507226936693769,-0.21341803367249668,-0.02668172516860068,-0.05330885696457699,-0.33074922586092725
118,4.6,1.0,53.0,2.0,1.8,0.0,1.2,11.6,-3.902847391029354,-0.8748280063737184,-1.1253877292620018,-1.3607987332507037,-0.18825362744973972,-0.02360943634994328,-0.04711031314218417,-0.28285954520106316
119,4.6,1.0,53.0,2.0,1.8,0.0,1.2,11.8,-3.372255055233836,-0.7109060789225623,-0.9744201183784753,-1.216291337797884,-0.16586720832856372,-0.020869727595709264,-0.04165599629050121,-0.24224458792014048
120,4.6,1.0,53.0,2.0,1.8,0.0,1.4,10.6,-3.2454779549734667,1.813660777406767,-1.961234814254567,-2.0163885506917723,-0.3167149646906182,-0.04000501742120832,-0.08245606900891289,-0.642339316313155
121,4.6,1.0,53.0,2.0,1.8,0.0,1.4,10.8,-4.83348299888894,-0.07313252554740757,-1.8798066065646708,-1.9397827574284747,-0.28173441969556734,-0.035606172401458025,-0.07283006561920047,-0.5505904516321607
122,4.6,1.0,53.0,2.0,1.8,0.0,1.4,11.0,-5.270868136663921,-0.8781450241804123,-1.7463753902120516,-1.8295769411488436,-0.25020392471924424,-0.03166289965156466,-0.06434550287667662,-0.4705584538751282
123,4.6,1.0,53.0,2.0,1.8,0.0,1.4,11.2,-5.088850703439675,-1.0895079623442143,-1.5912712335120887,-1.6997990880627185,-0.22190698876511306,-0.028146333526819944,-0.05691703950287774,-0.40130205772584304
124,4.6,1.0,53.0,2.0,1.8,0.0,1.4,11.4,-4.623444106429815,-1.0223179565509781,-1.4280395671958104,-1.5588735197088681,-0.19650350138545036,-0.02499999839346856,-0.050373365287669,-0.34233619790757075
125,4.6,1.0,53.0,2.0,1.8,0.0,1.4,11.6,-4.069155738863628,-0.8602936196839437,-1.263678382965736,-1.412503674684558,-0.173766304156743,-0.02218624367378652,-0.04458458558656275,-0.29214292811229825
126,4.6,1.0,53.0,2.0,1.8,0.0,1.4,11.8,-3.5260163407074288,-0.69439754600171,-1.103634467581287,-1.265599818667397,-0.1535222040838562,-0.019674948533065617,-0.039492341747973114,-0.2496950140921399
127,4.6,1.0,53.0,2.0,1.8,0.0,1.6,10.6,-3.3654471994377673,1.304029786027968,-1.6159185714786872,-1.9853820265852846,-0.2878921754308976,-0.03698543936479837,-0.07710717368172482,-0.6661915989243425
128,4.6,1.0,53.0,2.0,1.8,0.0,1.6,10.8,-4.89651512313867,-0.31765685719437897,-1.7112097297795117,-1.9390310003655031,-0.2568097225157544,-0.033034636406227946,-0.06824233994120732,-0.5705308369360864
129,4.6,1.0,53.0,2.0,1.8,0.0,1.6,11.0,-5.309488239407074,-0.9691791548393667,-1.6865561170270666,-1.8481844951747917,-0.22873994515975937,-0.029482929850928485,-0.06044239061884582,-0.48690320673631504
130,4.6,1.0,53.0,2.0,1.8,0.0,1.6,11.2,-5.126188802882098,-1.0968372790375724,-1.6011545158689842,-1.7303469022735953,-0.203337085316889,-0.026283883838914335,-0.05358245124807581,-0.4146466852980666
131,4.6,1.0,53.0,2.0,1.8,0.0,1.6,11.4,-4.684512124862522,-0.9998581187101081,-1.483985221304465,-1.596300726174377,-0.18051015405217186,-0.023418673081323504,-0.04749811446527019,-0.35294111707480624
132,4.6,1.0,53.0,2.0,1.8,0.0,1.6,11.6,-4.160844989703037,-0.8358320248080418,-1.34858048602473,-1.4528776680817828,-0.16003575775539503,-0.020847137202508748,-0.042115333606489,-0.30055658222408965
133,4.6,1.0,53.0,2.0,1.8,0.0,1.6,11.8,-3.63750039471779,-0.6736759106861427,-1.2036909370217472,-1.3059587516472675,-0.14182918274309486,-0.018544175545684993,-0.03737888811156154,-0.25642254896229133
134,4.6,1.0,53.0,2.0,1.8,0.0,1.8,10.6,-2.473625594691839,1.020388990873471,-0.5202208502450958,-1.9195543449604884,-0.26130018406547606,-0.03423569048754871,-0.071944649098441,-0.68675886670826
135,4.6,1.0,53.0,2.0,1.8,0.0,1.8,10.8,-4.222768931475002,-0.420217091566883,-0.9772476783255115,-1.9090171970892698,-0.23377445799997076,-0.0306751987664029,-0.06383031723089516,-0.5880069904960692
136,4.6,1.0,53.0,2.0,1.8,0.2,1.2,10.6,-3.0020592958899215,2.088265428552404,-1.91185981745366,-2.1250864603207447,-0.37995793245499954,-0.0455145554151386,-0.0848286843392998,-0.5430772744584829
137,4.6,1.0,53.0,2.0,1.8,0.2,1.2,10.8,-4.736234636802692,0.05562374123837799,-1.7837536509614438,-2.087668666441459,-0.335431705461815,-0.040473139961250126,-0.07503764581633732,-0.4694935693987645
138,4.6,1.0,53.0,2.0,1.8,0.2,1.2,11.0,-5.224840277980547,-0.8054994464619085,-1.6240222352789715,-1.9919890793971717,-0.2957053023856133,-0.03595632303040475,-0.06641377584310248,-0.4052541155833751
139,4.6,1.0,53.0,2.0,1.8,0.2,1.2,11.2,-5.0779652876080945,-1.0592619803501293,-1.4562975976150483,-1.8620675264974125,-0.26006461697397754,-0.03192896395921707,-0.0588340824469924,-0.34951051976531744
140,4.6,1.0,53.0,2.0,1.8,0.2,1.2,11.4,-4.645285219885409,-1.0325664499541745,-1.2894602589076385,-1.7134210751391947,-0.22824672237038612,-0.028342116624116898,-0.052129765797872096,-0.3011188310920261
141,4.6,1.0,53.0,2.0,1.8,0.2,1.2,11.6,-4.100950415420812,-0.886551148025319,-1.127769757178612,-1.5553500510868616,-0.20024283370003104,-0.025146835832856596,-0.04620732634793967,-0.25968246324919164
142,4.6,1.0,53.0,2.0,1.8,0.2,1.2,11.8,-3.549630796944257,-0.7180935784708709,-0.9746435120468959,-1.393982717068866,-0.17556098278146237,-0.02229041012469679,-0.04098393308231607,-0.22407566336914897
143,4.6,1.0,53.0,2.0,1.8,0.2,1.4,10.6,-3.8233381085447036,1.0990486245136708,-1.8544740278739482,-2.036195276188664,-0.34438627323834226,-0.042077055550180376,-0.07966302195563912,-0.5655910782516003
144,4.6,1.0,53.0,2.0,1.8,0.2,1.4,10.8,-5.219962642877363,-0.43414404860232025,-1.8273015898885205,-2.0571083021350205,-0.3049962153309025,-0.03753890318330377,-0.07062123046489432,-0.4882523532724008
145,4.6,1.0,53.0,2.0,1.8,0.2,1.4,11.0,-5.537199696118478,-1.0394439595984295,-1.7130721795838326,-1.9986720609012991,-0.2694766395143233,-0.03346761828288436,-0.06264871591702104,-0.42041852232068777
146,4.6,1.0,53.0,2.0,1.8,0.2,1.4,11.2,-5.295613365771715,-1.1539331591920927,-1.5657441266812384,-1.8911871278542094,-0.23755959828849882,-0.029824295197613537,-0.0555998960044235,-0.3617651625536382
147,4.6,1.0,53.0,2.0,1.8,0.2,1.4,11.4,-4.807731243781745,-1.0470983266131952,-1.4088264660676941,-1.7555696667986922,-0.20923003187635913,-0.026558733195997775,-0.04933671880280599,-0.31111130042700097
148,4.6,1.0,53.0,2.0,1.8,0.2,1.4,11.6,-4.245895184925757,-0.8725275546312332,-1.25032748025842,-1.6037586823804304,-0.18414343701442704,-0.02362449641805142,-0.04380521806888282,-0.26770831615431234
149,4.6,1.0,53.0,2.0,1.8,0.2,1.4,11.8,-3.6927175099262968,-0.7018385595874861,-1.0943473195657134,-1.4440981756779365,-0.16190260014263913,-0.02100777975283563,-0.038926327833905816,-0.23059674736578017
150,4.6,1.0,53.0,2.0,1.8,0.2,1.6,10.6,-3.6804735345649533,0.49193144438322634,-1.2781010728795081,-1.8829610994434915,-0.311610170698259,-0.03892319032456726,-0.07466427731560543,-0.5861451682867482
151,4.6,1.0,53.0,2.0,1.8,0.2,1.6,10.8,-5.083917219657451,-0.7251467908499762,-1.5014067813754082,-1.9743497731979005,-0.27648906357353553,-0.03484563040547073,-0.06634035718161613,-0.5053388230735436
152,4.6,1.0,53.0,2.0,1.8,0.2,1.6,11.0,-5.430174728156999,-1.1550212615402415,-1.5416778632206842,-1.9639556976617314,-0.24491338798543438,-0.031170931761153042,-0.05897589982487261,-0.43445968616288155
153,4.6,1.0,53.0,2.0,1.8,0.2,1.6,11.2,-5.225475945859216,-1.1751116217346862,-1.4922225449699908,-1.888187630160246,-0.21665159257827327,-0.02785391395445913,-0.05242469545919448,-0.3730239470023662
154,4.6,1.0,53.0,2.0,1.8,0.2,1.6,11.4,-4.787927655444946,-1.0298631369369105,-1.4016816372750327,-1.773312512144912,-0.1914250630652532,-0.02487575134728104,-0.046604540140833706,-0.320165014534723
155,4.6,1.0,53.0,2.0,1.8,0.2,1.6,11.6,-4.279611925012432,-0.849034835351631,-1.2887474074959755,-1.6342242929968052,-0.16895330243278295,-0.022198793711140752,-0.041452055622357875,-0.27500123740173876
156,4.6,1.0,53.0,2.0,1.8,0.2,1.6,11.8,-3.7668264406966045,-0.6814532696735114,-1.1623417930677533,-1.4808457886683755,-0.14897401147754863,-0.019800450652837753,-0.03690386313246563,-0.23650726402411237
157,4.6,1.0,53.0,2.0,1.8,0.2,1.8,10.6,-2.3090723921195604,0.1349146499997005,0.2134525467408821,-1.665985084080603,-0.2811351475538686,-0.036040409351699054,-0.06984374549938366,-0.6044352023745887
158,4.6,1.0,53.0,2.0,1.8,0.2,1.8,10.8,-4.031599892477971,-0.8613741918234155,-0.4672815965022892,-1.83771260821959,-0.25012046605115756,-0.03235943557228893,-0.06220443872734904,-0.5205471555818804
159,4.6,1.0,53.0,2.0,1.8,0.4,1.2,10.6,-3.5192925709998235,1.339062414248474,-1.853264188626781,-1.9810026342747733,-0.4161909875110723,-0.0475627479609102,-0.08153300173580647,-0.4788014251389541
160,4.6,1.0,53.0,2.0,1.8,0.4,1.2,10.8,-5.061250931292307,-0.30367091426160187,-1.758675841265358,-2.1013785051181912,-0.36516061931615695,-0.04239206563215703,-0.07241653662640601,-0.4175564490724355
161,4.6,1.0,53.0,2.0,1.8,0.4,1.2,11.0,-5.450457733706571,-0.9569540051743388,-1.6067155095515773,-2.1017368132597767,-0.3195757828070782,-0.03775351168587804,-0.06434989551780745,-0.3633722157101147
162,4.6,1.0,53.0,2.0,1.8,0.4,1.2,11.2,-5.268117132654879,-1.1202634824439883,-1.439592026406899,-2.0224528072867543,-0.27938941487809643,-0.03360943554434925,-0.05718686885666102,-0.31562309723813087
163,4.6,1.0,53.0,2.0,1.8,0.4,1.2,11.4,-4.825272030429915,-1.056032813852653,-1.2740009224507958,-1.8962109729764052,-0.2439696128712967,-0.029914656770415604,-0.05082579993177205,-0.2743172515765764
164,4.6,1.0,53.0,2.0,1.8,0.4,1.2,11.6,-4.275174174341373,-0.8957592298975214,-1.1139821073738858,-1.7426542559405789,-0.2126794543582946,-0.026603913982398808,-0.04519138764590025,-0.23830382514279336
165,4.6,1.0,53.0,2.0,1.8,0.4,1.2,11.8,-3.7152062134700827,-0.72270828706678,-0.9619012938346714,-1.5743177959229797,-0.18535641400376335,-0.02364708692766726,-0.040217743488028646,-0.20705759222619236
166,4.6,1.0,53.0,2.0,1.8,0.4,1.4,10.6,-3.98725376103539,0.3736043939134106,-1.674912041402422,-1.6928437672322616,-0.37466676818439737,-0.043985941098071635,-0.07675639574881643,-0.4976932412828319
167,4.6,1.0,53.0,2.0,1.8,0.4,1.4,10.8,-5.31878856534604,-0.7846887047635391,-1.7313628409756348,-1.93246850091964,-0.32969187136041,-0.03933358192443848,-0.06831701385090128,-0.4329260515514761
168,4.6,1.0,53.0,2.0,1.8,0.4,1.4,11.0,-5.613380037248135,-1.1856060987338424,-1.6497426154091954,-2.016296306741424,-0.2896906189271249,-0.03515938529744744,-0.060818896687123924,-0.37606611545197666
169,4.6,1.0,53.0,2.0,1.8,0.4,1.4,11.2,-5.378790443879552,-1.20653983252123,-1.513826459296979,-1.9925908613950014,-0.25416727794799954,-0.0314093854976818,-0.05412650259677321,-0.32613012462388724
170,4.6,1.0,53.0,2.0,1.8,0.4,1.4,11.4,-4.913993159017991,-1.0647959909401834,-1.3648744105594233,-1.902806730591692,-0.2225363813340664,-0.028029616572894156,-0.04818398295901716,-0.28276604606071487
171,4.6,1.0,53.0,2.0,1.8,0.4,1.4,11.6,-4.375905844382942,-0.8803915099706501,-1.2150312976446003,-1.7726278987247497,-0.19468309491639957,-0.025001253350637853,-0.04292419407283887,-0.2452465957030654
172,4.6,1.0,53.0,2.0,1.8,0.4,1.4,11.8,-3.8338137603132054,-0.7060943322721869,-1.067109620431438,-1.6169872208265588,-0.17032252915669233,-0.022289155167527497,-0.038260539644397795,-0.21275036281440407
173,4.6,1.0,53.0,2.0,1.8,0.4,1.6,10.6,-3.35753492556978,-0.23947287630289793,-0.8641942217946053,-1.2893391493707895,-0.3365963640389964,-0.040710338740609586,-0.07212097925366834,-0.5151009960682131
174,4.6,1.0,53.0,2.0,1.8,0.4,1.6,10.8,-4.834470699657686,-1.0771673507988453,-1.2438904826994985,-1.6679805659223348,-0.29732929822057486,-0.036524847033433616,-0.06432103004772216,-0.4472571249352768
175,4.6,1.0,53.0,2.0,1.8,0.4,1.6,11.0,-5.261299864330795,-1.3017092540394515,-1.3674911274574697,-1.8522156194085255,-0.2620757864206098,-0.032749746926128864,-0.05735190404811874,-0.38770642603049055
176,4.6,1.0,53.0,2.0,1.8,0.4,1.6,11.2,-5.131399018515367,-1.2265875218436122,-1.358576720347628,-1.8995374034857377,-0.23055972409201786,-0.029337347485125065,-0.05112825962714851,-0.3356720416340977
177,4.6,1.0,53.0,2.0,1.8,0.4,1.6,11.4,-4.766333781299181,-1.0465210173279047,-1.2943661318859085,-1.8605257343733683,-0.2025690131704323,-0.02626380359288305,-0.04560177930397913,-0.29048630164470524
178,4.6,1.0,53.0,2.0,1.8,0.4,1.6,11.6,-4.320935340772849,-0.8563315214123577,-1.2044539891649038,-1.7664977534441277,-0.17792042042128742,-0.02349271927960217,-0.04069590603467077,-0.25154303101589903
179,4.6,1.0,53.0,2.0,1.8,0.4,1.6,11.8,-3.849619482527487,-0.6852271148236468,-1.098513985867612,-1.6345675409538671,-0.15612888056784868,-0.02100526972208172,-0.036330946488305926,-0.2178457441041246
180,4.6,1.0,53.0,2.0,1.8,0.4,1.8,10.6,-1.320712139364332,-0.6020920798182487,0.989251944818534,-0.7697809496894479,-0.30218246061122045,-0.037705820868723094,-0.06764369562733918,-0.5305590775678866
181,4.6,1.0,53.0,2.0,1.8,0.4,1.8,10.8,-3.2615949214668944,-1.2124748220667243,0.07622363977134228,-1.303280539053958,-0.26757151895435527,-0.03393072064500302,-0.06043674307875335,-0.4601242174394429
182,4.6,1.0,53.0,0.0,-0.0,1.8,-0.0,10.4,-4.269904345390387,-1.0265900447266176,-0.17487699689809233,-1.2009901339770295,-1.2009901339770295,-0.25335339759476483,-0.20655181910842657,-0.20655181910842657
183,4.6,1.0,53.0,0.0,-0.0,1.8,-0.0,10.6,-4.463127224589698,-1.505253417766653,-0.1494088760809973,-1.100220813183114,-1.100220813183114,-0.22912021621596068,-0.1894515440799296,-0.1894515440799296
184,4.6,1.0,53.0,0.0,-0.0,1.8,-0.0,10.8,-4.196364565519616,-1.582246384699829,-0.12779241148382425,-0.9663905003690161,-0.9663898728904314,-0.20668798871338367,-0.17342870368156582,-0.17342870368156582
185,4.6,1.0,53.0,0.0,-0.0,1.8,-0.0,11.0,-3.7196433360222727,-1.4624999064253643,-0.10903362755198032,-0.8225225376081653,-0.8225225376081653,-0.18604290985967964,-0.15851090848445892,-0.15851090848445892
186,4.6,1.0,53.0,0.0,-0.0,1.8,-0.0,11.2,-3.182954113231972,-1.2622451500501484,-0.09282378922216594,-0.6857310052146204,-0.6857310052146204,-0.1671423085499555,-0.14464042749023065,-0.14464042749023065
187,4.6,1.0,53.0,0.0,-0.0,1.8,-0.2,10.4,-4.099186484294478,-0.870328759541735,-0.150166908162646,-1.1610516323707998,-1.2228720351704396,-0.2818561566527933,-0.2148117331089452,-0.1980992592871189
188,4.6,1.0,53.0,0.0,-0.0,1.8,-0.2,10.6,-4.412448889343068,-1.4591075874632224,-0.129437742754817,-1.0342613544198684,-1.1568812010227703,-0.2539909475017339,-0.1969615838606842,-0.18180847231997177
189,4.6,1.0,53.0,0.0,-0.0,1.8,-0.2,10.8,-4.1884340945398435,-1.5736156122293323,-0.1112813682993874,-0.8930057159159333,-1.0354341707425192,-0.22835088893771172,-0.1801681611686945,-0.1665781772462651
190,4.6,1.0,53.0,0.0,-0.0,1.8,-0.2,11.0,-3.7202244104701094,-1.4589293745812029,-0.09558106807526201,-0.7534098413889296,-0.890512618701905,-0.20490460540167987,-0.16452872939407825,-0.15235817292705178
191,4.6,1.0,53.0,0.0,-0.0,1.8,-0.2,11.2,-3.184770127409138,-1.258077228674665,-0.08211721351835877,-0.6262788253952749,-0.7456795457401313,-0.18348768900614232,-0.15002195321721956,-0.13910767185734585
192,4.6,1.0,53.0,0.0,-0.0,1.8,-0.4,10.4,-3.8187164978589863,-0.6280408735619858,-0.12972514226567,-1.099558790156152,-1.2350576519966125,-0.3140009838389233,-0.22276730509474874,-0.1895657509448938
193,4.6,1.0,53.0,0.0,-0.0,1.8,-0.4,10.6,-4.305455924069975,-1.3659976535709575,-0.11256023379974067,-0.9578162036486901,-1.2087191746104509,-0.28201930911745876,-0.20423128717811778,-0.17411206214455888
194,4.6,1.0,53.0,0.0,-0.0,1.8,-0.4,10.8,-4.159051566151902,-1.545222039683722,-0.0975790600059554,-0.816143271047622,-1.1010635589482263,-0.2526982770068571,-0.18673317087814212,-0.15961218858137727
195,4.6,1.0,53.0,0.0,-0.0,1.8,-0.4,11.0,-3.713183748361189,-1.4454002587590367,-0.08453438221476972,-0.6844653176958673,-0.9564513695077039,-0.22587473457679152,-0.17037775018252432,-0.1460799354244955
196,4.6,1.0,53.0,0.0,-0.0,1.8,-0.4,11.2,-3.1820574016310275,-1.2456349603598937,-0.07297690294217318,-0.5682856062194332,-0.8049880257458426,-0.2014997360529378,-0.1552183636231348,-0.1334538066876121
197,4.6,1.0,53.0,0.0,-0.0,1.8,0.2,10.4,-4.396016284648795,-1.1653450560988858,-0.2056287518935278,-1.2228720351704396,-1.1610516323707998,-0.22820781671907753,-0.1980992592871189,-0.2148117331089452
198,4.6,1.0,53.0,0.0,-0.0,1.8,0.2,10.6,-4.501910479972139,-1.5508620995096862,-0.1742407017154619,-1.1568812010227703,-1.0342613544198684,-0.2068950671236962,-0.18180847231997177,-0.1969615838606842
199,4.6,1.0,53.0,0.0,-0.0,1.8,0.2,10.8,-4.20270743733272,-1.5929015044821426,-0.14745104499161243,-1.0354341707425192,-0.8930057159159333,-0.18716866278555244,-0.1665781772462651,-0.1801681611686945
200,4.6,1.0,53.0,0.0,-0.0,1.8,0.2,11.0,-3.7171684366767295,-1.4627333401003852,-0.12465486151631922,-0.890512618701905,-0.7534098413889296,-0.16897087264806032,-0.15235817292705178,-0.16452872939407825
201,4.6,1.0,53.0,0.0,-0.0,1.8,0.2,11.2,-3.178264103946276,-1.259377429378219,-0.10549321619328111,-0.7456795457401313,-0.6262788253952749,-0.15230546216480434,-0.13910767185734585,-0.15002195321721956
202,4.6,1.0,53.0,0.0,-0.0,1.8,0.4,10.4,-4.52440545859281,-1.3289933888008818,-0.24281624949071556,-1.2350576519966125,-1.099558790156152,-0.20564632210880518,-0.1895657509448938,-0.22276730509474874
203,4.6,1.0,53.0,0.0,-0.0,1.8,0.4,10.6,-4.549611280148383,-1.613712246180512,-0.20403613161761314,-1.2087191746104509,-0.9578162036486901,-0.18698417476844043,-0.17411206214455888,-0.20423128717811778
204,4.6,1.0,53.0,0.0,-0.0,1.8,0.4,10.8,-4.214317626669072,-1.6096961821895093,-0.17141816159710288,-1.1010635589482263,-0.816143271047622,-0.16965109342709184,-0.15961218858137727,-0.18673317087814212
205,4.6,1.0,53.0,0.0,-0.0,1.8,0.4,11.0,-3.7144161780015565,-1.459492878522724,-0.14386545261368155,-0.9564513695077039,-0.6844653176958673,-0.15368347405456007,-0.1460799354244955,-0.17037775018252432
206,4.6,1.0,53.0,0.0,-0.0,1.8,0.4,11.2,-3.170354340225458,-1.2490737152984366,-0.12034261273220181,-0.8049880257458426,-0.5682856062194332,-0.13899220991879702,-0.1334538066876121,-0.1552183636231348
207,4.6,1.0,53.0,0.0,-0.0,2.0,-0.0,10.4,-4.548510627821088,-1.6860804645111784,-0.15978914638981223,-1.0442676289239898,-1.0442676289239898,-0.24301203258801252,-0.18554654950276017,-0.18554717698134482
208,4.6,1.0,53.0,0.0,-0.0,2.0,-0.0,10.6,-4.553857640479691,-1.775026241899468,-0.13673066382762045,-1.039939692534972,-1.039939692534972,-0.2205321145011112,-0.17084461759077385,-0.17084461759077385
209,4.6,1.0,53.0,0.0,-0.0,2.0,-0.0,10.8,-4.2059585662791505,-1.6506587798940018,-0.11701053462456912,-0.962309175345581,-0.962309175345581,-0.19961093121673912,-0.15702998492633924,-0.15702998492633924
210,4.6,1.0,53.0,0.0,-0.0,2.0,-0.0,11.0,-3.7000010180054232,-1.4415159719064832,-0.09980170044582337,-0.8450871697859839,-0.8450871697859839,-0.1803375887684524,-0.1440857086563483,-0.1440857086563483
211,4.6,1.0,53.0,0.0,-0.0,2.0,-0.0,11.2,-3.1538614948512986,-1.2143560969270766,-0.08499497442971915,-0.7139821330201812,-0.7139821330201812,-0.16263553162571043,-0.13195531291421503,-0.13195531291421503
212,4.6,1.0,53.0,0.0,-0.0,2.0,-0.2,10.4,-4.422477754473221,-1.5831851396942511,-0.13725024228915572,-1.0715423511574045,-0.9904680590843782,-0.26906624785624444,-0.19245731708360836,-0.17850839730817825
213,4.6,1.0,53.0,0.0,-0.0,2.0,-0.2,10.6,-4.519434951886069,-1.7480546069564298,-0.11831701057963073,-1.0098706682911143,-1.0580816341680475,-0.24359436193481088,-0.17710151989012957,-0.16441515006590635
214,4.6,1.0,53.0,0.0,-0.0,2.0,-0.2,10.8,-4.199579926789738,-1.6455244929529727,-0.10171560582239181,-0.9052672613761388,-1.0131889411713928,-0.21999747585505247,-0.16269200766691938,-0.15119414194487035
215,4.6,1.0,53.0,0.0,-0.0,2.0,-0.2,11.0,-3.7002237843116745,-1.4391414740821347,-0.08745857863686979,-0.7796849400619976,-0.9078105594380759,-0.19813251751475036,-0.14921372040407732,-0.1387819941737689
216,4.6,1.0,53.0,0.0,-0.0,2.0,-0.2,11.2,-3.1579384271171875,-1.21303958108183,-0.07519954326562583,-0.6525696118478663,-0.7752384040504694,-0.17811996839009225,-0.13659449433907866,-0.1271768241422251
217,4.6,1.0,53.0,0.0,-0.0,2.0,-0.4,10.4,-4.1699275695718825,-1.3918698908528313,-0.1185366390272975,-1.0649258857010864,-0.9255885452148505,-0.29855670779943466,-0.19915473117725924,-0.17129516979912296
218,4.6,1.0,53.0,0.0,-0.0,2.0,-0.4,10.6,-4.424488296266645,-1.675308627774939,-0.10288528457749635,-0.9625432365573943,-1.073368405282963,-0.2693461172748357,-0.18319024937227368,-0.15784637542674318
219,4.6,1.0,53.0,0.0,-0.0,2.0,-0.4,10.8,-4.166340722236782,-1.618816412286833,-0.08921560680028051,-0.8397269795532338,-1.0627609760849737,-0.2424347234191373,-0.16816828737501055,-0.14521773671731353
220,4.6,1.0,53.0,0.0,-0.0,2.0,-0.4,11.0,-3.6885364105110057,-1.4252847983734682,-0.07727032632101327,-0.711831028747838,-0.9688798325951211,-0.21775099018123,-0.1541503414628096,-0.13336909282952547
221,4.6,1.0,53.0,0.0,-0.0,2.0,-0.4,11.2,-3.155410189880058,-1.2025589090771973,-0.06665034708566964,-0.592029329680372,-0.8356839324696921,-0.1951380397658795,-0.1410447951639071,-0.12230483663734049
222,4.6,1.0,53.0,0.0,-0.0,2.0,0.2,10.4,-4.596404073701706,-1.7559373875847086,-0.18803337146528065,-0.9904680590843782,-1.0715423511574045,-0.21945781749673188,-0.1785077698295936,-0.19245731708360836
223,4.6,1.0,53.0,0.0,-0.0,2.0,0.2,10.6,-4.557259999739472,-1.7888101265998557,-0.15932227892335504,-1.0580816341680475,-1.0098706682911143,-0.19965862180106342,-0.16441515006590635,-0.17710151989012957
224,4.6,1.0,53.0,0.0,-0.0,2.0,0.2,10.8,-4.196137407212518,-1.6475714306579903,-0.13495983078610152,-1.0131889411713928,-0.9052672613761388,-0.18126379360910505,-0.15119414194487035,-0.16269200766691938
225,4.6,1.0,53.0,0.0,-0.0,2.0,0.2,11.0,-3.688889698823914,-1.4348179302178323,-0.114282121299766,-0.9078105594380759,-0.7796849400619976,-0.16429843322839588,-0.1387819941737689,-0.14921372040407732
226,4.6,1.0,53.0,0.0,-0.0,2.0,0.2,11.2,-3.1441532874596305,-1.207124671782367,-0.09677459218073636,-0.7752384040504694,-0.6525696118478663,-0.14867468911688775,-0.1271768241422251,-0.13659449433907866
227,4.6,1.0,53.0,0.0,-0.0,2.0,0.4,10.4,-4.604316346929409,-1.8228989797644317,-0.22201680298894644,-0.9255885452148505,-1.0649258857010864,-0.19843623228371143,-0.17129516979912296,-0.19915473117725924
228,4.6,1.0,53.0,0.0,-0.0,2.0,0.4,10.6,-4.545646672137082,-1.8008219229523093,-0.18681474716868252,-1.073368405282963,-0.9625432365573943,-0.18106173537671566,-0.15784637542674318,-0.18319024937227368
229,4.6,1.0,53.0,0.0,-0.0,2.0,0.4,10.8,-4.17634072189685,-1.6384612404508516,-0.1571172089315951,-1.0627609760849737,-0.8397269795532338,-0.1648882927838713,-0.14521773671731353,-0.16816828737501055
230,4.6,1.0,53.0,0.0,-0.0,2.0,0.4,11.0,-3.6695278776460327,-1.419516726396978,-0.13192142732441425,-0.9688798325951211,-0.711831028747838,-0.1498594282893464,-0.13336909282952547,-0.1541503414628096
231,4.6,1.0,53.0,0.0,-0.0,2.0,0.4,11.2,-3.1289280127966776,-1.1914959077257663,-0.1104179146932438,-0.8356839324696921,-0.592029329680372,-0.13595129642635584,-0.12230483663734049,-0.1410447951639071
232,4.6,1.0,53.0,0.0,-0.0,2.2,-0.0,10.4,-4.143729654373601,-1.9538301961729303,-0.14589858520776033,-0.7391283411416225,-0.7391283411416225,-0.23203060764353722,-0.1668567915330641,-0.1668567915330641
233,4.6,1.0,53.0,0.0,-0.0,2.2,-0.0,10.6,-4.2462334129959345,-1.8239883370697498,-0.1250414076494053,-0.8887863386771642,-0.8887863386771642,-0.21127132198307663,-0.1541798344696872,-0.1541798344696872
234,4.6,1.0,53.0,0.0,-0.0,2.2,-0.0,10.8,-3.9906598849920556,-1.608232828672044,-0.10703940084204078,-0.8994791090372019,-0.8994791090372019,-0.19197664444800466,-0.14222639647778124,-0.14222639647778124
235,4.6,1.0,53.0,0.0,-0.0,2.2,-0.0,11.0,-3.570519349654205,-1.3734148218063638,-0.09133408043999225,-0.8348575017298572,-0.8348575017298572,-0.17412649490870535,-0.1309644745197147,-0.1309644745197147
236,4.6,1.0,53.0,0.0,-0.0,2.2,-0.0,11.2,-3.080316067673266,-1.1475237718550488,-0.0778840312268585,-0.7282084122416563,-0.7282084122416563,-0.15770330326631665,-0.12039406842086464,-0.12039406842086464
237,4.6,1.0,53.0,0.0,-0.0,2.2,-0.2,10.4,-4.05250664340565,-1.9011344166938215,-0.12519326503388584,-0.8719734632177278,-0.5644897982710972,-0.2562035477021709,-0.17261921585304663,-0.1608929366338998
238,4.6,1.0,53.0,0.0,-0.0,2.2,-0.2,10.6,-4.222658489772584,-1.8131662996020168,-0.10800200107041746,-0.9131676122779027,-0.8472991425660439,-0.23283131036441773,-0.1594640962430276,-0.14872802764875814
239,4.6,1.0,53.0,0.0,-0.0,2.2,-0.2,10.8,-3.988996356201824,-1.607962999609299,-0.09291917074006051,-0.8715963297290727,-0.9212555885897018,-0.21095631178468466,-0.1470550859812647,-0.13725086976774037
240,4.6,1.0,53.0,0.0,-0.0,2.2,-0.2,11.0,-3.5739875975996256,-1.3749446910806,-0.08005145087372512,-0.7826160392723978,-0.8838290096027777,-0.19074923475272954,-0.13535327947465703,-0.12644389254273847
241,4.6,1.0,53.0,0.0,-0.0,2.2,-0.2,11.2,-3.0869996765977703,-1.1498832096112892,-0.06884663214441389,-0.6691559560713358,-0.7862675198120996,-0.1721761937951669,-0.12436495185829699,-0.11630521330516785
242,4.6,1.0,53.0,0.0,-0.0,2.2,-0.4,10.4,-3.826512054016348,-1.775924836168997,-0.10818774404469877,-0.9488798337988555,-0.3776512058102526,-0.2829066083068028,-0.17815510899526998,-0.1548067168914713
243,4.6,1.0,53.0,0.0,-0.0,2.2,-0.4,10.6,-4.141316250723321,-1.7666514932643622,-0.09393824683502316,-0.9125852828728966,-0.8040354655240662,-0.25642443157266825,-0.16452935681445524,-0.14315197383984923
244,4.6,1.0,53.0,0.0,-0.0,2.2,-0.4,10.8,-3.9640678938594647,-1.5900162134785205,-0.08149095869157463,-0.8315718594822101,-0.945246550894808,-0.23189381044358015,-0.151685482240282,-0.13216301862848923
245,4.6,1.0,53.0,0.0,-0.0,2.2,-0.4,11.0,-3.5644507008837536,-1.3652408765628934,-0.07055973447859287,-0.7243448332883418,-0.933813318843022,-0.2091039022197947,-0.13957328430842608,-0.12181475118268281
246,4.6,1.0,53.0,0.0,-0.0,2.2,-0.4,11.2,-3.086215289251413,-1.1436168946092948,-0.06084713467862457,-0.6091829428332858,-0.8441433947300538,-0.1881450682412833,-0.1281852328684181,-0.11209462129045278
247,4.6,1.0,53.0,0.0,-0.0,2.2,0.2,10.4,-4.125433345499914,-1.973687122692354,-0.17155872390139848,-0.5644897982710972,-0.8719734632177278,-0.21021208493039012,-0.1608929366338998,-0.17261921585304663
248,4.6,1.0,53.0,0.0,-0.0,2.2,0.2,10.6,-4.223972495936323,-1.8178676046663895,-0.1455107838846743,-0.8472991425660439,-0.9131676122779027,-0.19193522864952683,-0.14872802764875814,-0.1594640962430276
249,4.6,1.0,53.0,0.0,-0.0,2.2,0.2,10.8,-3.9724476623232476,-1.596807126654312,-0.12352283345535398,-0.9212555885897018,-0.8715963297290727,-0.17495982814580202,-0.13725086976774037,-0.1470550859812647
250,4.6,1.0,53.0,0.0,-0.0,2.2,0.2,11.0,-3.5539825786836445,-1.3617368607083336,-0.10484437074046582,-0.8838290096027777,-0.7826160392723978,-0.15915912634227425,-0.12644389254273847,-0.13535327947465703
251,4.6,1.0,53.0,0.0,-0.0,2.2,0.2,11.2,-3.0658375291968696,-1.1364432002883404,-0.0888303155079484,-0.7862675198120996,-0.6691559560713358,-0.14447037235368043,-0.11630521330516785,-0.12436495185829699
252,4.6,1.0,53.0,0.0,-0.0,2.2,0.4,10.4,-4.032118215865921,-1.979101278935559,-0.2027171056251973,-0.3776512058102526,-0.9488798337988555,-0.19080696580931544,-0.1548067168914713,-0.17815510899526998
253,4.6,1.0,53.0,0.0,-0.0,2.2,0.4,10.6,-4.171110425551888,-1.801199683919549,-0.17094501911196858,-0.8040354655240662,-0.9125852828728966,-0.17466364346910268,-0.14315197383984923,-0.16452935681445524
254,4.6,1.0,53.0,0.0,-0.0,2.2,0.4,10.8,-3.939060365257319,-1.5749170678900555,-0.14392694854177535,-0.945246550894808,-0.8315718594822101,-0.15954943757969886,-0.13216301862848923,-0.151685482240282
255,4.6,1.0,53.0,0.0,-0.0,2.2,0.4,11.0,-3.526281777652912,-1.3403550849761814,-0.12092619715258479,-0.933813318843022,-0.7243448332883418,-0.14545430790167302,-0.12181475118268281,-0.13957328430842608
256,4.6,1.0,53.0,0.0,-0.0,2.2,0.4,11.2,-3.044971567054745,-1.1175262838369235,-0.10145958187058568,-0.8441433947300538,-0.6091829428332858,-0.1323795096250251,-0.11209462129045278,-0.1281852328684181
257,4.6,1.0,53.0,0.2,-1.8,-0.2,-1.2,10.6,-2.7756838085479103,2.088265428552404,-0.0455145554151386,-0.3175319826696068,-1.8004228265490383,-1.91185981745366,-0.6976875808322802,-0.09093247418059036
258,4.6,1.0,53.0,0.2,-1.8,-0.2,-1.2,10.8,-4.412547408544924,0.05562374123837799,-0.040473139961250126,-0.28332641249289736,-1.6859574724221602,-1.7837536509614438,-0.5947721757693216,-0.079888298176229
259,4.6,1.0,53.0,0.2,-1.8,-0.2,-1.2,11.0,-4.856291732401587,-0.8054994464619085,-0.03595632303040475,-0.2523933071643114,-1.5628017323324457,-1.6240222352789715,-0.505411614314653,-0.07020707381889224
260,4.6,1.0,53.0,0.2,-1.8,-0.2,-1.2,11.2,-4.697006476751994,-1.0592619803501293,-0.03192896395921707,-0.22449484013486654,-1.4348323628655635,-1.4562975976150483,-0.4284688481129706,-0.061721883714199066
261,4.6,1.0,53.0,0.2,-1.8,-0.2,-1.2,11.4,-4.271532106329687,-1.0325664499541745,-0.028342116624116898,-0.1992607804131694,-1.3046221555559896,-1.2894602589076385,-0.36294801894109696,-0.054332325933501124
262,4.6,1.0,53.0,0.2,-1.8,-0.2,-1.2,11.6,-3.747339745226782,-0.886551148025319,-0.025146835832856596,-0.1765737840323709,-1.1754642821033485,-1.127769757178612,-0.30795178754488006,-0.047882150509394705
263,4.6,1.0,53.0,0.2,-1.8,-0.2,-1.2,11.8,-3.225572710216511,-0.7180935784708709,-0.02229041012469679,-0.1564156526583247,-1.0502835673396476,-0.9746435120468959,-0.26162774430122226,-0.04221824527485296
264,4.6,1.0,53.0,0.2,-1.8,-0.2,-1.4,10.6,-3.738658771791961,1.0990486245136708,-0.042077055550180376,-0.29090108582749963,-1.837567025970202,-1.8544740278739482,-0.7276493008248508,-0.08503890025895089
265,4.6,1.0,53.0,0.2,-1.8,-0.2,-1.4,10.8,-4.986162456974853,-0.43414404860232025,-0.03753890318330377,-0.26026228250702843,-1.7318535538506694,-1.8273015898885205,-0.6201825657044537,-0.07487951323855668
266,4.6,1.0,53.0,0.2,-1.8,-0.2,-1.4,11.0,-5.223677502130158,-1.0394439595984295,-0.03346761828288436,-0.23236758064012975,-1.613259811361786,-1.7130721795838326,-0.5261395244742744,-0.06592682818882167
267,4.6,1.0,53.0,0.2,-1.8,-0.2,-1.4,11.2,-4.946680155117065,-1.1539331591920927,-0.029824295197613537,-0.20702119654743,-1.486711124656722,-1.5657441266812384,-0.44535765214823186,-0.058088600693736225
268,4.6,1.0,53.0,0.2,-1.8,-0.2,-1.4,11.4,-4.4504107344546355,-1.0470983266131952,-0.026558733195997775,-0.1841428095358424,-1.3560503650805913,-1.4088264660676941,-0.37647587957326323,-0.05125815438805148
269,4.6,1.0,53.0,0.2,-1.8,-0.2,-1.4,11.6,-3.8985106693580747,-0.8725275546312332,-0.02362449641805142,-0.16363013512454927,-1.224479715921916,-1.25032748025842,-0.3186740508535877,-0.045247236150316894
270,4.6,1.0,53.0,0.2,-1.8,-0.2,-1.4,11.8,-3.368226441205479,-0.7018385595874861,-0.02100777975283563,-0.1453212759224698,-1.0956418726127595,-1.0943473195657134,-0.27010728686582297,-0.03996234689839184
271,4.6,1.0,53.0,0.2,-1.8,-0.2,-1.6,10.6,-3.7794795522931963,0.49193144438322634,-0.03892319032456726,-0.26610816561151296,-1.8549459154601209,-1.2781010728795081,-0.7539689527475275,-0.0793636996531859
272,4.6,1.0,53.0,0.2,-1.8,-0.2,-1.6,10.8,-4.973915971815586,-0.7251467908499762,-0.03484563040547073,-0.23854980897158384,-1.7612605550093576,-1.5014067813754082,-0.6426888394053094,-0.07001756579848006
273,4.6,1.0,53.0,0.2,-1.8,-0.2,-1.6,11.0,-5.197908176516648,-1.1550212615402415,-0.031170931761153042,-0.2133213969063945,-1.6499911092687398,-1.5416778632206842,-0.5449416066985577,-0.061784007120877504
274,4.6,1.0,53.0,0.2,-1.8,-0.2,-1.6,11.2,-4.92820877104532,-1.1751116217346862,-0.02785391395445913,-0.19045116752386093,-1.5273706351872534,-1.4922225449699908,-0.4606249705539085,-0.054573917121160775
275,4.6,1.0,53.0,0.2,-1.8,-0.2,-1.6,11.4,-4.46132940845564,-1.0298631369369105,-0.02487575134728104,-0.16985126916551962,-1.3979868583846837,-1.4016816372750327,-0.38881774625042453,-0.048253009095788
276,4.6,1.0,53.0,0.2,-1.8,-0.2,-1.6,11.6,-3.9483161379466765,-0.849034835351631,-0.022198793711140752,-0.1513397242524661,-1.265885335742496,-1.2887474074959755,-0.32843936141580343,-0.04267067997716367
277,4.6,1.0,53.0,0.2,-1.8,-0.2,-1.6,11.8,-3.4485784692224115,-0.6814532696735114,-0.019800450652837753,-0.13467054849024862,-1.1347708861576393,-1.1623417930677533,-0.27778298931661993,-0.03775853186380118
278,4.6,1.0,53.0,0.2,-1.8,-0.2,-1.8,10.6,-2.6329560315352865,0.1349146499997005,-0.036040409351699054,-0.2429191613337025,-1.8521189829334617,0.2134525467408821,-0.7763384293066338,-0.07390624535037205
279,4.6,1.0,53.0,0.2,-1.8,-0.2,-1.8,10.8,-4.079648960672785,-0.8613741918234155,-0.03235943557228893,-0.21807604026980698,-1.7732648212695494,-0.4672815965022892,-0.6619621815043502,-0.06533069373108447
280,4.6,1.0,53.0,0.2,-1.8,-0.4,-1.2,11.0,-4.814621930941939,-0.9569540051743388,-0.03775351168587804,-0.23316012567374855,-1.3447407522471622,-1.6067155095515773,-0.5634694669861346,-0.07182855962309986
281,4.6,1.0,53.0,0.2,-1.8,-0.4,-1.2,11.2,-4.569316348992288,-1.1202634824439883,-0.03360943554434925,-0.20822789828525856,-1.2304862415767275,-1.439592026406899,-0.47418797155842185,-0.06294929317664355
282,4.6,1.0,53.0,0.2,-1.8,-0.4,-1.2,11.4,-4.116646950424183,-1.056032813852653,-0.029914656770415604,-0.1856758163194172,-1.117402036965359,-1.2740009224507958,-0.39841049164533615,-0.05521021242020652
283,4.6,1.0,53.0,0.2,-1.8,-0.4,-1.2,11.6,-3.5922933192923665,-0.8957592298975214,-0.026603913982398808,-0.16545242408756167,-1.0070700911455788,-1.1139821073738858,-0.3349265599390492,-0.04849899286637083
284,4.6,1.0,53.0,0.2,-1.8,-0.4,-1.2,11.8,-3.0817442805855535,-0.72270828706678,-0.02364708692766726,-0.147259654244408,-0.9013446963508613,-0.9619012938346714,-0.28222952503710985,-0.042653737124055624
285,4.6,1.0,53.0,0.2,-1.8,-0.4,-1.4,11.0,-5.1349965338013135,-1.1856060987338424,-0.03515938529744744,-0.21541100525064394,-1.3945606537163258,-1.6497426154091954,-0.5871818147716112,-0.06733496062224731
286,4.6,1.0,53.0,0.2,-1.8,-0.4,-1.4,11.2,-4.776883479440585,-1.20653983252123,-0.0314093854976818,-0.19279491750057787,-1.2797903296304867,-1.513826459296979,-0.4933979353518225,-0.05912461964180693
287,4.6,1.0,53.0,0.2,-1.8,-0.4,-1.4,11.4,-4.260197392606642,-1.0647959909401834,-0.028029616572894156,-0.17236256424803287,-1.1642544434871525,-1.3648744105594233,-0.41389932087622583,-0.05198104592273012
288,4.6,1.0,53.0,0.2,-1.8,-0.4,-1.4,11.6,-3.718093386502005,-0.8803915099706501,-0.025001253350637853,-0.15388553234515712,-1.050800635595806,-1.2150312976446003,-0.3472150882007554,-0.04576806939439848
289,4.6,1.0,53.0,0.2,-1.8,-0.4,-1.4,11.8,-3.2061393529875204,-0.7060943322721869,-0.022289155167527497,-0.13723016192670912,-0.9411702459328808,-1.067109620431438,-0.2919308298151009,-0.04031500744167715
290,4.6,1.0,53.0,0.2,-1.8,-0.4,-1.6,11.0,-5.0068075362360105,-1.3017092540394515,-0.032749746926128864,-0.19861381768714637,-1.435268482484389,-1.3674911274574697,-0.6079982040682808,-0.06297690357314423
291,4.6,1.0,53.0,0.2,-1.8,-0.4,-1.6,11.2,-4.680157205613796,-1.2265875218436122,-0.029337347485125065,-0.1782128401682712,-1.3213170589879155,-1.358576720347628,-0.5107015234534629,-0.05542419332778081
292,4.6,1.0,53.0,0.2,-1.8,-0.4,-1.6,11.4,-4.208319258701522,-1.0465210173279047,-0.02626380359288305,-0.15962160122580826,-1.2048053947510198,-1.2943661318859085,-0.4278865188243799,-0.04885479109361768
293,4.6,1.0,53.0,0.2,-1.8,-0.4,-1.6,11.6,-3.717477799160406,-0.8563315214123577,-0.02349271927960217,-0.1427911554928869,-1.0889363007736392,-1.2044539891649038,-0.3583791187265888,-0.04309299431042746
294,4.6,1.0,53.0,0.2,-1.8,-0.4,-1.6,11.8,-3.2477106353617273,-0.6852271148236468,-0.02100526972208172,-0.12760855111991987,-0.9765630649053492,-1.098513985867612,-0.3007661704905331,-0.038026478432584554
295,4.6,1.0,53.0,0.2,-1.8,0.0,-1.2,10.6,-2.321830298344139,2.707774676149711,-0.04328689491376281,-0.3473882810212672,-2.012836216657888,-1.9222902887267992,-0.615833293821197,-0.0879699993529357
296,4.6,1.0,53.0,0.2,-1.8,0.0,-1.2,10.8,-4.276820759987459,0.3676919946447015,-0.03839733684435487,-0.3085265865083784,-1.9123178996378556,-1.7789732797537,-0.5287386709242128,-0.07755898096365854
297,4.6,1.0,53.0,0.2,-1.8,0.0,-1.2,11.0,-4.904929404903669,-0.6703199872281402,-0.03402861231006682,-0.2732460919651203,-1.7884041274664924,-1.6180219848174602,-0.4525294638588093,-0.06837913725757971
298,4.6,1.0,53.0,0.2,-1.8,0.0,-1.2,11.2,-4.828070725197904,-1.006431913585402,-0.030135540175251663,-0.24156813212903216,-1.651214753743261,-1.4516000577714294,-0.3867821038002148,-0.06033822399331257
299,4.6,1.0,53.0,0.2,-1.8,0.0,-1.2,11.4,-4.428004862100352,-1.0107918529538438,-0.02668172516860068,-0.21341803367249668,-1.507226936693769,-1.2858282307861373,-0.33074922586092725,-0.05330885696457699
300,4.6,1.0,53.0,0.2,-1.8,0.0,-1.2,11.6,-3.902847391029354,-0.8748280063737184,-0.02360943634994328,-0.18825362744973972,-1.3607987332507037,-1.1253877292620018,-0.28285954520106316,-0.04711031314218417
301,4.6,1.0,53.0,0.2,-1.8,0.0,-1.2,11.8,-3.372255055233836,-0.7109060789225623,-0.020869727595709264,-0.16586720832856372,-1.216291337797884,-0.9744201183784753,-0.24224458792014048,-0.04165599629050121
302,4.6,1.0,53.0,0.2,-1.8,0.0,-1.4,10.6,-3.2454779549734667,1.813660777406767,-0.04000501742120832,-0.3167149646906182,-2.0163885506917723,-1.961234814254567,-0.642339316313155,-0.08245606900891289
303,4.6,1.0,53.0,0.2,-1.8,0.0,-1.4,10.8,-4.83348299888894,-0.07313252554740757,-0.035606172401458025,-0.28173441969556734,-1.9397827574284747,-1.8798066065646708,-0.5505904516321607,-0.07283006561920047
304,4.6,1.0,53.0,0.2,-1.8,0.0,-1.4,11.0,-5.270868136663921,-0.8781450241804123,-0.03166289965156466,-0.25020392471924424,-1.8295769411488436,-1.7463753902120516,-0.4705584538751282,-0.06434550287667662
305,4.6,1.0,53.0,0.2,-1.8,0.0,-1.4,11.2,-5.088850703439675,-1.0895079623442143,-0.028146333526819944,-0.22190698876511306,-1.6997990880627185,-1.5912712335120887,-0.40130205772584304,-0.05691703950287774
306,4.6,1.0,53.0,0.2,-1.8,0.0,-1.4,11.4,-4.623444106429815,-1.0223179565509781,-0.02499999839346856,-0.19650350138545036,-1.5588735197088681,-1.4280395671958104,-0.34233619790757075,-0.050373365287669
307,4.6,1.0,53.0,0.2,-1.8,0.0,-1.4,11.6,-4.069155738863628,-0.8602936196839437,-0.02218624367378652,-0.173766304156743,-1.412503674684558,-1.263678382965736,-0.29214292811229825,-0.04458458558656275
308,4.6,1.0,53.0,0.2,-1.8,0.0,-1.4,11.8,-3.5260163407074288,-0.69439754600171,-0.019674948533065617,-0.1535222040838562,-1.265599818667397,-1.103634467581287,-0.2496950140921399,-0.039492341747973114
309,4.6,1.0,53.0,0.2,-1.8,0.0,-1.6,10.6,-3.3654471994377673,1.304029786027968,-0.03698543936479837,-0.2878921754308976,-1.9853820265852846,-1.6159185714786872,-0.6661915989243425,-0.07710717368172482
310,4.6,1.0,53.0,0.2,-1.8,0.0,-1.6,10.8,-4.89651512313867,-0.31765685719437897,-0.033034636406227946,-0.2568097225157544,-1.9390310003655031,-1.7112097297795117,-0.5705308369360864,-0.06824233994120732
311,4.6,1.0,53.0,0.2,-1.8,0.0,-1.6,11.0,-5.309488239407074,-0.9691791548393667,-0.029482929850928485,-0.22873994515975937,-1.8481844951747917,-1.6865561170270666,-0.48690320673631504,-0.06044239061884582
312,4.6,1.0,53.0,0.2,-1.8,0.0,-1.6,11.2,-5.126188802882098,-1.0968372790375724,-0.026283883838914335,-0.203337085316889,-1.7303469022735953,-1.6011545158689842,-0.4146466852980666,-0.05358245124807581
313,4.6,1.0,53.0,0.2,-1.8,0.0,-1.6,11.4,-4.684512124862522,-0.9998581187101081,-0.023418673081323504,-0.18051015405217186,-1.596300726174377,-1.483985221304465,-0.35294111707480624,-0.04749811446527019
314,4.6,1.0,53.0,0.2,-1.8,0.0,-1.6,11.6,-4.160844989703037,-0.8358320248080418,-0.020847137202508748,-0.16003575775539503,-1.4528776680817828,-1.34858048602473,-0.30055658222408965,-0.042115333606489
315,4.6,1.0,53.0,0.2,-1.8,0.0,-1.6,11.8,-3.63750039471779,-0.6736759106861427,-0.018544175545684993,-0.14182918274309486,-1.3059587516472675,-1.2036909370217472,-0.25642254896229133,-0.03737888811156154
316,4.6,1.0,53.0,0.2,-1.8,0.0,-1.8,10.6,-2.473625594691839,1.020388990873471,-0.03423569048754871,-0.26130018406547606,-1.9195543449604884,-0.5202208502450958,-0.68675886670826,-0.071944649098441
317,4.6,1.0,53.0,0.2,-1.8,0.0,-1.8,10.8,-4.222769558953587,-0.420217091566883,-0.0306751987664029,-0.23377445799997076,-1.9090171970892698,-0.9772476783255115,-0.5880076179746538,-0.06383031723089516
318,4.6,1.0,53.0,0.2,-1.8,0.2,-1.2,10.6,-1.9259235713398084,3.144023393164389,-0.04090612183790654,-0.37995793245499954,-2.1250864603207447,-1.8960904910927638,-0.5430772744584829,-0.0848286843392998
319,4.6,1.0,53.0,0.2,-1.8,0.2,-1.2,10.8,-4.155322274251375,0.596705534029752,-0.03619226673617959,-0.335431705461815,-2.087668666441459,-1.7482039544265717,-0.4694935693987645,-0.07503764581633732
320,4.6,1.0,53.0,0.2,-1.8,0.2,-1.2,11.0,-4.947572474658955,-0.5671811886131763,-0.031995479948818684,-0.2957053023856133,-1.9919890793971717,-1.5890335328876972,-0.4052541155833751,-0.06641377584310248
321,4.6,1.0,53.0,0.2,-1.8,0.2,-1.2,11.2,-4.9497787995496765,-0.9652471771696582,-0.02826556039508432,-0.26006461697397754,-1.8620675264974125,-1.425789316301234,-0.34951051976531744,-0.0588340824469924
322,4.6,1.0,53.0,0.2,-1.8,0.2,-1.2,11.4,-4.575718206120655,-0.9921246854355559,-0.02495356264989823,-0.22824672237038612,-1.7134210751391947,-1.2637235636357218,-0.3011188310920261,-0.052129765797872096
323,4.6,1.0,53.0,0.2,-1.8,0.2,-1.2,11.6,-4.054111813951749,-0.8626505472930148,-0.022018070798367262,-0.20024283370003104,-1.5553500510868616,-1.1079605214763433,-0.25968246324919164,-0.04620732634793967
324,4.6,1.0,53.0,0.2,-1.8,0.2,-1.2,11.8,-3.5182389817782678,-0.7022451858501881,-0.019412649446167052,-0.17556098278146237,-1.393982717068866,-0.9619778501801193,-0.22407566336914897,-0.04098393308231607
325,4.6,1.0,53.0,0.2,-1.8,0.2,-1.4,10.6,-2.59340470348252,2.471369068720378,-0.03779367241077125,-0.34438627323834226,-2.036195276188664,-2.001144450157881,-0.5655910782516003,-0.07966302195563912
326,4.6,1.0,53.0,0.2,-1.8,0.2,-1.4,10.8,-4.5786097722593695,0.2652133364463225,-0.0335542147513479,-0.3049962153309025,-2.0571083021350205,-1.889290792751126,-0.4882523532724008,-0.07062123046489432
327,4.6,1.0,53.0,0.2,-1.8,0.2,-1.4,11.0,-5.24572757614078,-0.7193347933935001,-0.0297703294781968,-0.2694766395143233,-1.9986720609012991,-1.7454065146157518,-0.42041852232068777,-0.06264871591702104
328,4.6,1.0,53.0,0.2,-1.8,0.2,-1.4,11.2,-5.176278533937875,-1.0180709689157084,-0.02639307058416307,-0.23755959828849882,-1.8911871278542094,-1.5857027097372338,-0.3617651625536382,-0.0555998960044235
329,4.6,1.0,53.0,0.2,-1.8,0.2,-1.4,11.4,-4.759587421431206,-0.9911972256377339,-0.02338478760793805,-0.20923003187635913,-1.7555696667986922,-1.4197576902806759,-0.31111130042700097,-0.04933671880280599
330,4.6,1.0,53.0,0.2,-1.8,0.2,-1.4,11.6,-4.219168278970756,-0.8447891025571153,-0.020691514713689685,-0.18414343701442704,-1.6037586823804304,-1.254272008081898,-0.26770831615431234,-0.04380521806888282
331,4.6,1.0,53.0,0.2,-1.8,0.2,-1.4,11.8,-3.673062641522847,-0.6844201368512586,-0.018300701631233096,-0.16190260014263913,-1.4440981756779365,-1.0948179520200938,-0.23059674736578017,-0.038926327833905816
332,4.6,1.0,53.0,0.2,-1.8,0.2,-1.6,10.6,-2.5874690862256102,2.1538527738302946,-0.03492846165318042,-0.311610170698259,-1.8829610994434915,-1.8510126826586202,-0.5861451682867482,-0.07466427731560543
333,4.6,1.0,53.0,0.2,-1.8,0.2,-1.6,10.8,-4.594150684773922,0.11488829588051885,-0.03112324106041342,-0.27648906357353553,-1.9743497731979005,-1.8553977225674316,-0.5053388230735436,-0.06634035718161613
334,4.6,1.0,53.0,0.2,-1.8,0.2,-1.6,11.0,-5.274918713606894,-0.7621272102696821,-0.027709586429409683,-0.24491338798543438,-1.9639556976617314,-1.7827772452728823,-0.43445968616288155,-0.05897589982487261
335,4.6,1.0,53.0,0.2,-1.8,0.2,-1.6,11.2,-5.221126046497375,-0.9988779481500387,-0.024644827703014016,-0.21665159257827327,-1.888187630160246,-1.667315405444242,-0.3730239470023662,-0.05242469545919448
336,4.6,1.0,53.0,0.2,-1.8,0.2,-1.6,11.4,-4.837587541725952,-0.9567331215366721,-0.02190511894878,-0.1914250630652532,-1.773312512144912,-1.527442171354778,-0.320165014534723,-0.046604540140833706
337,4.6,1.0,53.0,0.2,-1.8,0.2,-1.6,11.6,-4.330182955949567,-0.8168021566234529,-0.0194477898767218,-0.16895330243278295,-1.6342242929968052,-1.3743021209957078,-0.27500123740173876,-0.041452055622357875
338,4.6,1.0,53.0,0.2,-1.8,0.2,-1.6,11.8,-3.799741849768907,-0.662625459372066,-0.017250249860808253,-0.14897401147754863,-1.4808457886683755,-1.2166352132335305,-0.23650726402411237,-0.03690386313246563
339,4.6,1.0,53.0,0.2,-1.8,0.2,-1.8,10.6,-1.7795330185326748,2.013089730637148,-0.032312999945133924,-0.2811351475538686,-1.665985084080603,-1.138910569716245,-0.6044352023745887,-0.06984374549938366
340,4.6,1.0,53.0,0.2,-1.8,0.2,-1.8,10.8,-4.023019320855383,0.08351405092980713,-0.028890560381114483,-0.25012046605115756,-1.83771260821959,-1.4070581428240985,-0.5205471555818804,-0.06220443872734904
341,4.6,1.0,53.0,0.2,-1.8,0.4,-1.2,10.6,-1.4613848211010918,3.376653900370002,-0.03839733684435487,-0.4161909875110723,-1.9810026342747733,-1.8421133359661326,-0.4788014251389541,-0.08153300173580647
342,4.6,1.0,53.0,0.2,-1.8,0.4,-1.2,10.8,-3.961878511880059,0.7230358471861109,-0.03389558021444827,-0.36516061931615695,-2.1013785051181912,-1.6945066687185317,-0.4175564490724355,-0.07241653662640601
343,4.6,1.0,53.0,0.2,-1.8,0.4,-1.2,11.0,-4.926208268967457,-0.5081613630754873,-0.029894576291553676,-0.3195757828070782,-2.1017368132597767,-1.539117622305639,-0.3633722157101147,-0.06434989551780745
344,4.6,1.0,53.0,0.2,-1.8,0.4,-1.2,11.2,-5.020908313279506,-0.9386520483531058,-0.026335339643992484,-0.27938941487809643,-2.0224528072867543,-1.381268737022765,-0.31562309723813087,-0.05718686885666102
345,4.6,1.0,53.0,0.2,-1.8,0.4,-1.2,11.4,-4.690909589175135,-0.9764783510472625,-0.02318021934479475,-0.2439696128712967,-1.8962109729764052,-1.2259273814270273,-0.2743172515765764,-0.05082579993177205
346,4.6,1.0,53.0,0.2,-1.8,0.4,-1.2,11.6,-4.18701403925661,-0.8504291624994949,-0.020397840067744255,-0.2126794543582946,-1.7426542559405789,-1.0773581136018038,-0.23830382514279336,-0.04519138764590025
347,4.6,1.0,53.0,0.2,-1.8,0.4,-1.2,11.8,-3.6558713779668324,-0.6926417730282992,-0.017929215682670474,-0.18535641400376335,-1.5743177959229797,-0.9383508436148986,-0.20705759222619236,-0.040217743488028646
348,4.6,1.0,53.0,0.2,-1.8,0.4,-1.4,10.6,-1.639656019746326,3.0261632099281996,-0.03547439526300877,-0.37466676818439737,-1.6928437672322616,-1.9883846619632095,-0.4976932412828319,-0.07675639574881643
349,4.6,1.0,53.0,0.2,-1.8,0.4,-1.4,10.8,-4.1056554854149,0.5496975049609318,-0.03142068081069738,-0.32969249883899465,-1.93246850091964,-1.8605282444041222,-0.4329260515514761,-0.06831701385090128
350,4.6,1.0,53.0,0.2,-1.8,0.4,-1.4,11.0,-5.062908184714615,-0.5808583964826539,-0.02780245791655034,-0.2896906189271249,-2.016296306741424,-1.7113753925077617,-0.37606611545197666,-0.060818896687123924
351,4.6,1.0,53.0,0.2,-1.8,0.4,-1.4,11.2,-5.150285187293775,-0.9477998891379684,-0.024583331658504903,-0.25416727794799954,-1.9925908613950014,-1.5508871999336407,-0.32613012462388724,-0.05412650259677321
352,4.6,1.0,53.0,0.2,-1.8,0.4,-1.4,11.4,-4.8198948973440565,-0.9552584730554372,-0.021720631048083305,-0.2225363813340664,-1.902806730591692,-1.3866226522950456,-0.28276604606071487,-0.04818398295901716
353,4.6,1.0,53.0,0.2,-1.8,0.4,-1.4,11.6,-4.325927183148451,-0.8264520053053275,-0.019174195593222976,-0.19468309491639957,-1.7726278987247497,-1.2248191988328472,-0.2452465957030654,-0.04292419407283887
354,4.6,1.0,53.0,0.2,-1.8,0.4,-1.4,11.8,-3.7985702889272943,-0.6728789730696008,-0.016900099348276854,-0.17032252915669233,-1.6169872208265588,-1.0704705640673637,-0.21275036281440407,-0.038260539644397795
355,4.6,1.0,53.0,0.2,-1.8,0.4,-1.6,10.6,-1.2526053416077048,2.9753210947383195,-0.0327723374357447,-0.3365963640389964,-1.2893391493707895,-1.9819966101786122,-0.5151009960682131,-0.07212097925366834
356,4.6,1.0,53.0,0.2,-1.8,0.4,-1.6,10.8,-3.8989009802462533,0.5328639218350872,-0.02913152426481247,-0.29732929822057486,-1.6679805659223348,-1.9257453586906195,-0.4472571249352768,-0.06432103004772216
357,4.6,1.0,53.0,0.2,-1.8,0.4,-1.6,11.0,-4.9588149437331595,-0.5546247134916484,-0.025874747312627733,-0.2620757864206098,-1.8522156194085255,-1.8189657470211387,-0.38770642603049055,-0.05735190404811874
358,4.6,1.0,53.0,0.2,-1.8,0.4,-1.6,11.2,-5.114611871249508,-0.8931299629621208,-0.022955570952035487,-0.23055972409201786,-1.8995374034857377,-1.68162890849635,-0.3356720416340977,-0.05112825962714851
359,4.6,1.0,53.0,0.2,-1.8,0.4,-1.6,11.4,-4.850590804242529,-0.9042431651614606,-0.020346384262666106,-0.2025690131704323,-1.8605257343733683,-1.5268184263259172,-0.29048630164470524,-0.04560177930397913
360,4.6,1.0,53.0,0.2,-1.8,0.4,-1.6,11.6,-4.412105013674591,-0.7929354412481189,-0.018015812034718692,-0.17792042042128742,-1.7664977534441277,-1.3644966494757682,-0.25154303101589903,-0.04069590603467077
361,4.6,1.0,53.0,0.2,-1.8,0.4,-1.6,11.8,-3.9127306730952114,-0.6494326893007383,-0.01592996879480779,-0.15612888056784868,-1.6345675409538671,-1.202494902885519,-0.2178457441041246,-0.036330946488305926
362,4.6,1.0,53.0,0.2,-1.8,0.4,-1.8,10.6,-0.26618911453988403,3.034674755646847,-0.0303087328793481,-0.30218246061122045,-0.7697809496894479,-1.600388953811489,-0.5305590775678866,-0.06764369562733918
363,4.6,1.0,53.0,0.2,-1.8,0.4,-1.8,10.8,-3.2358933669747785,0.6044703429797664,-0.02703689585905522,-0.26757151895435527,-1.303280539053958,-1.7219137955689803,-0.4601242174394429,-0.06043674307875335
